{ "tasks" : [
	{"id":1419673208975,"name":"Submit the time sheet","category":"Official","isCompleted":false,"createdAt":"2014-12-27T09:40:08.975Z","description":""},
	{"id":1419673216436,"name":"Buy thermal","category":"Personal","isCompleted":false,"createdAt":"2014-12-27T09:40:16.436Z","description":""},
	{"id":1419673846268,"name":"Fix the bug","category":"Official","isCompleted":false,"createdAt":"2014-12-27T09:50:46.268Z","description":""},
	{"id":1419673860310,"name":"Watch a movie","category":"Recreational","isCompleted":false,"createdAt":"2014-12-27T09:51:00.310Z","description":""},
	{"id":1419673871769,"name":"Go Shopping","category":"Personal","isCompleted":true,"createdAt":"2014-12-27T09:51:11.769Z","description":""}
]}